Tweet Id,Text,Name,Screen Name,UTC,Created At,Favorites,Retweets,Language,Client,Tweet Type,URLs,Hashtags,Mentions,Media Type,Media URLs,
745674198333423616,"RT @pepsi : Have some fun with your Pepsi. Choose your f(l)avorites with @PepsiSpire! #SayItWithPepsi
https://t.co/zQj9XDiqr9",Pepsi Spire,pepsispire,2016-06-22T17:45:57.000Z,Wed Jun 22 17:45:57 +0000 2016,0,0,en,"<a href=""http://twitter.com"" rel=""nofollow"">Twitter Web Client</a>",Retweet,https://amp.twimg.com/v/6df3b366-38df-4593-b3b4-bacc24d476be ,1,1,,,
715917598244933634,Don't leave @JayPharoah hanging! #RaiseYourFlavor https://t.co/YxKhUm7eTT https://t.co/CqLMUTSAbZ,Pepsi Spire,pepsispire,2016-04-01T15:03:51.000Z,Fri Apr 01 15:03:51 +0000 2016,15,8,en,"<a href=""http://twitter.com"" rel=""nofollow"">Twitter Web Client</a>",Tweet,https://goo.gl/tuvkql ,1,1,video,https://video.twimg.com/ext_tw_video/715917345974300672/pu/vid/640x360/CIT4gpw0yGTnXsp4.mp4,
715564003079155717,"Wigs, sandwiches, and Spire selfies with @JayPharoah! #RaiseYourFlavor
https://t.co/YxKhUm7eTT https://t.co/jxhpNiIoiC",Pepsi Spire,pepsispire,2016-03-31T15:38:47.000Z,Thu Mar 31 15:38:47 +0000 2016,7,7,en,"<a href=""http://twitter.com"" rel=""nofollow"">Twitter Web Client</a>",Tweet,https://goo.gl/tuvkql ,1,1,video,https://video.twimg.com/ext_tw_video/715563946858688512/pu/vid/320x180/VRhI1jZPkW2qp4vh.mp4,
714480298227011585,Our friend @JayPharoah crashed an @Arbys to introduce Spire to the world! #RaiseYourFlavor https://t.co/YxKhUm7eTT https://t.co/y3lDEL8f1V,Pepsi Spire,pepsispire,2016-03-28T15:52:32.000Z,Mon Mar 28 15:52:32 +0000 2016,4,1,en,"<a href=""http://twitter.com"" rel=""nofollow"">Twitter Web Client</a>",Tweet,https://goo.gl/tuvkql ,1,2,video,https://video.twimg.com/ext_tw_video/714480046459719680/pu/vid/320x180/sDtY2gnWP9Xin9Gs.mp4,
714480219600654336,"RT @Arbys : Live from inside a @Pepsi Spire, it’s @JayPharoah
https://t.co/Lmd21foXYE",Pepsi Spire,pepsispire,2016-03-28T15:52:13.000Z,Mon Mar 28 15:52:13 +0000 2016,0,0,en,"<a href=""http://twitter.com"" rel=""nofollow"">Twitter Web Client</a>",Retweet,https://amp.twimg.com/v/e1cc9029-f4f1-44a6-b699-4089636f2f26 ,0,2,,,
682242490443935745,RT @PepsiCoNSPIRE : Our #NSPIRE kitchen featuring @PepsiSPIRE is heading 2 its next stop : #BWWCitrusBowl January 1st! #Mixmakers https://t.co/SWomJUgwgS,Pepsi Spire,pepsispire,2015-12-30T16:50:59.000Z,Wed Dec 30 16:50:59 +0000 2015,0,0,en,"<a href=""http://twitter.com"" rel=""nofollow"">Twitter Web Client</a>",Retweet,,3,1,photo,https://pbs.twimg.com/media/CXVy0XPUkAAXGtc.jpg,
682242247312695296,RT @PepsiCoNSPIRE : #ORLANDO! PepsiCo #NSPIRE will be at the @BWWCitrusBowl on #NewYearsDay. #FREE snacks b4 the game. It’s on us! https://t.co/IoBvDgngpX,Pepsi Spire,pepsispire,2015-12-30T16:50:01.000Z,Wed Dec 30 16:50:01 +0000 2015,0,0,en,"<a href=""http://twitter.com"" rel=""nofollow"">Twitter Web Client</a>",Retweet,,4,1,photo,https://pbs.twimg.com/media/CXZ8DmtWkAAIzyK.png,
675400441736269824,RT @IdeaCatalyst1 : Great #forecast @BreckConditions #NSPIRE is in town @breckenridgemtn #food #mixmakers #fun  https://t.co/uX1mA52HcK https://t.co/CTu1VFZgiU,Pepsi Spire,pepsispire,2015-12-11T19:43:08.000Z,Fri Dec 11 19:43:08 +0000 2015,0,0,en,"<a href=""http://twitter.com"" rel=""nofollow"">Twitter Web Client</a>",Retweet,http://bit.ly/1RIwElh ,5,2,photo,https://pbs.twimg.com/media/CV9KYsOXIAAovpK.jpg,
672141191593500674,"RT @NYUWassEmployer : A 2:30PM I usually visit our @pepsispire machine... Today's mix: Diet @MountainDew with peach 👌🏾

It's amazing😁😁😁 https://t.co/c4N3HKO08s",Pepsi Spire,pepsispire,2015-12-02T19:52:02.000Z,Wed Dec 02 19:52:02 +0000 2015,0,0,en,"<a href=""http://twitter.com"" rel=""nofollow"">Twitter Web Client</a>",Retweet,,0,2,video,https://video.twimg.com/ext_tw_video/672138791226855424/pu/pl/BqZFzV7O8sEBSe5U.m3u8,
671373841764130816,"RT @PhantomGourmet : New @CrazyDoughs in #Boston: @PepsiSpire machine, add up to 3 flavor shots to any fountain drink. https://t.co/DAUOEwP0iN",Pepsi Spire,pepsispire,2015-11-30T17:02:52.000Z,Mon Nov 30 17:02:52 +0000 2015,0,0,en,"<a href=""http://twitter.com"" rel=""nofollow"">Twitter Web Client</a>",Retweet,,1,2,photo,https://pbs.twimg.com/media/CVD-TLUUwAA4tuZ.jpg,
669199834516189185,RT @CrazyDoughs : Our new @pepsi machine! The innovative @pepsispire allows you to customize your beverage with flavor shots. https://t.co/oaDtIJ5cXk,Pepsi Spire,pepsispire,2015-11-24T17:04:08.000Z,Tue Nov 24 17:04:08 +0000 2015,0,0,en,"<a href=""http://twitter.com"" rel=""nofollow"">Twitter Web Client</a>",Retweet,,0,2,photo,https://pbs.twimg.com/media/CT82TYqXIAA76MU.jpg,
659040142368358400,"RT @PepsiCo : .@Doritos Loaded to @Sabra chili paired w/@PepsiSpire, rolling into a city near you. #NSPIRE https://t.co/rjNrSIJhTv
https://t.co/ZJIkFDqPe0",Pepsi Spire,pepsispire,2015-10-27T16:13:08.000Z,Tue Oct 27 16:13:08 +0000 2015,0,0,en,"<a href=""http://twitter.com"" rel=""nofollow"">Twitter Web Client</a>",Retweet,http://pepsi.co/TNfHx https://amp.twimg.com/v/79356833-a9f7-4327-b270-16c8799836c9 ,1,3,,,
657277596447723521,RT @AndyOnElmStreet : Tried out @pepsispire for the first time at Cali Tacos. #CherryDew #StrawberryPepsi @pepsi 👍,Pepsi Spire,pepsispire,2015-10-22T19:29:25.000Z,Thu Oct 22 19:29:25 +0000 2015,0,0,en,"<a href=""http://twitter.com"" rel=""nofollow"">Twitter Web Client</a>",Retweet,,2,2,,,
641967346001813504,"RT @PepsiCo : .@PepsiSpire lets you mix it up w/ over 1,000 beverage options. #CustomCreation #PepsiCo50 http://t.co/wz0GMqjFgt http://t.co/05abX600Uh",Pepsi Spire,pepsispire,2015-09-10T13:31:57.000Z,Thu Sep 10 13:31:57 +0000 2015,0,0,en,"<a href=""http://twitter.com"" rel=""nofollow"">Twitter Web Client</a>",Retweet,http://www.PepsiCo50th.com ,2,1,photo,https://pbs.twimg.com/media/COfkwArXAAQBSTb.jpg,
639784326360604672,RT @youngsdairy : New at Young's - Pepsi® Spire machines!  What tasty beverage can you create? http://t.co/9cLivYRJgK,Pepsi Spire,pepsispire,2015-09-04T12:57:24.000Z,Fri Sep 04 12:57:24 +0000 2015,0,0,en,"<a href=""http://twitter.com"" rel=""nofollow"">Twitter Web Client</a>",Retweet,http://ow.ly/i/cLebl ,0,0,,,
634752204109389824,"RT @PSBehrend : New at Bruno's: An @pepsispire machine, where you can add up to three flavor shots to any fountain drink. http://t.co/lunwUoi21u",Pepsi Spire,pepsispire,2015-08-21T15:41:33.000Z,Fri Aug 21 15:41:33 +0000 2015,0,0,en,"<a href=""http://twitter.com"" rel=""nofollow"">Twitter Web Client</a>",Retweet,,0,1,photo,https://pbs.twimg.com/media/CM8XYVGUwAAcwqL.jpg,
634735645865451520,RT @benschilibowl : Ben's Chili Bowl's @Reagan_Airport location is the ONLY restaurant in the DMV to have a @pepsispire machine! http://t.co/trhoP3WhhW,Pepsi Spire,pepsispire,2015-08-21T14:35:45.000Z,Fri Aug 21 14:35:45 +0000 2015,0,0,en,"<a href=""http://twitter.com"" rel=""nofollow"">Twitter Web Client</a>",Retweet,,0,2,photo,https://pbs.twimg.com/media/CM3L7pWWsAAsMfI.jpg,
628252337409232897,@JohnnySpieg5 Check out http://t.co/j454WS4vze for all current locations. New locations are being added all the time! Stay tuned!,Pepsi Spire,pepsispire,2015-08-03T17:13:24.000Z,Mon Aug 03 17:13:24 +0000 2015,1,0,en,"<a href=""http://twitter.com"" rel=""nofollow"">Twitter Web Client</a>",Reply,http://pepsispire.com/#finder ,0,1,,,
626014293918662656,"RT @pepsi : Come for the farm-to-table 🍕, stay for the Pepsi! Head to Cultura Pizza e Vita to mix it up with @PepsiSpire! http://t.co/TJTFfuyLE5",Pepsi Spire,pepsispire,2015-07-28T13:00:13.000Z,Tue Jul 28 13:00:13 +0000 2015,0,0,en,"<a href=""http://twitter.com"" rel=""nofollow"">Twitter Web Client</a>",Retweet,,0,1,photo,https://pbs.twimg.com/media/CLALkhpUMAEdxXo.jpg,
616212678210531329,@charlie_carter2 @pepsi Glad you like it! But only for businesses at this time.,Pepsi Spire,pepsispire,2015-07-01T11:52:05.000Z,Wed Jul 01 11:52:05 +0000 2015,0,0,en,"<a href=""http://twitter.com"" rel=""nofollow"">Twitter Web Client</a>",Reply,,0,2,,,
611941565502599168,RT @Arbys : Create your own custom soda with @PepsiSpire! Available at select Arby's locations in Minneapolis. http://t.co/V0sJ21t7tK,Pepsi Spire,pepsispire,2015-06-19T17:00:13.000Z,Fri Jun 19 17:00:13 +0000 2015,0,0,en,"<a href=""http://twitter.com"" rel=""nofollow"">Twitter Web Client</a>",Retweet,,0,1,photo,https://pbs.twimg.com/media/CH4HDkwWoAAfYjF.jpg,
610450253892964352,RT @IngwerFuchs : @pepsispire awesome Pepsi Spire 2 units in KFC Reading! http://t.co/0ITtw4FQT5,Pepsi Spire,pepsispire,2015-06-15T14:14:16.000Z,Mon Jun 15 14:14:16 +0000 2015,0,0,en,"<a href=""http://twitter.com"" rel=""nofollow"">Twitter Web Client</a>",Retweet,,0,1,photo,https://pbs.twimg.com/media/CHivC5kXAAEtJDM.jpg,
601371323693199360,RT @PizzaPieCafe1 : New Clinton #Utah #Pizza Pie Cafe Add Your Favorite Flavor Shot w Pepsi's Spire Machine Only At The Clinton Location! http://t.co/UIzmA7N5jq,Pepsi Spire,pepsispire,2015-05-21T12:57:51.000Z,Thu May 21 12:57:51 +0000 2015,0,0,en,"<a href=""http://twitter.com"" rel=""nofollow"">Twitter Web Client</a>",Retweet,,2,0,photo,https://pbs.twimg.com/media/CFc3fyBWgAAuO3D.jpg,https://pbs.twimg.com/media/CFc3fyAWIAAF4-U.jpg
600637829891235840,RT @BamBamsBBQ : Here are the brand new @pepsi Spire 5.0's installed and mixing!! The drinks are SO much tastier and the machines... http://t.co/J7nxJHAptC,Pepsi Spire,pepsispire,2015-05-19T12:23:12.000Z,Tue May 19 12:23:12 +0000 2015,0,0,en,"<a href=""http://twitter.com"" rel=""nofollow"">Twitter Web Client</a>",Retweet,http://fb.me/1AX6KeSCL ,0,1,,,
600435368773734400,@Clawzskunk Wouldn't that be awesome?! But #pepsispire is designed only for commercial use at this time.,Pepsi Spire,pepsispire,2015-05-18T22:58:42.000Z,Mon May 18 22:58:42 +0000 2015,0,0,en,"<a href=""http://twitter.com"" rel=""nofollow"">Twitter Web Client</a>",Reply,,1,1,,,
597876103693344768,RT @ALThrills : AWESOME new Pepsi Spire souvenir cup refill station at @Hersheypark! http://t.co/XtMl2IO0hn,Pepsi Spire,pepsispire,2015-05-11T21:29:05.000Z,Mon May 11 21:29:05 +0000 2015,0,0,en,"<a href=""http://twitter.com"" rel=""nofollow"">Twitter Web Client</a>",Retweet,,0,1,photo,https://pbs.twimg.com/media/CEkuNznWMAAefmS.jpg,
594126693868163072,@HRAthletics Thanks for your interest! Is your business a current PepsiCo customer?,Pepsi Spire,pepsispire,2015-05-01T13:10:16.000Z,Fri May 01 13:10:16 +0000 2015,0,0,en,"<a href=""http://twitter.com"" rel=""nofollow"">Twitter Web Client</a>",Reply,,0,1,,,
594125199987056640,RT @dawnbythesea : Pepsi Spire rocks #MarcusTheatres Sun Prairie #pepsispire #pepsi #spirerocks http://t.co/yVvR77dlT6,Pepsi Spire,pepsispire,2015-05-01T13:04:20.000Z,Fri May 01 13:04:20 +0000 2015,0,0,en,"<a href=""http://twitter.com"" rel=""nofollow"">Twitter Web Client</a>",Retweet,,4,0,photo,https://pbs.twimg.com/media/CDzF8NfWYAEE1Vy.jpg,
592735326768111618,Check out the first #pepsispire in #NYC @Cultura_PizzaNy !,Pepsi Spire,pepsispire,2015-04-27T17:01:29.000Z,Mon Apr 27 17:01:29 +0000 2015,2,1,en,"<a href=""http://twitter.com"" rel=""nofollow"">Twitter Web Client</a>",Tweet,,2,0,,,
590886097703538688,RT @NedalaAhmad : Very cool animations on the new pepsi Spire machine https://t.co/SJgQGYnEUN,Pepsi Spire,pepsispire,2015-04-22T14:33:18.000Z,Wed Apr 22 14:33:18 +0000 2015,0,0,en,"<a href=""http://twitter.com"" rel=""nofollow"">Twitter Web Client</a>",Retweet,https://instagram.com/p/1jc9TZJNwE/ ,0,0,,,
585058138304421888,@Kushpatel35 It would be great to experience #pepsispire all the time wouldn't it?? #pepsispire is designed for commercial use.,Pepsi Spire,pepsispire,2015-04-06T12:35:04.000Z,Mon Apr 06 12:35:04 +0000 2015,0,0,en,"<a href=""http://twitter.com"" rel=""nofollow"">Twitter Web Client</a>",Reply,,2,1,,,
585057200189657090,@kylepigman @DrinkCheerwine Coming soon!,Pepsi Spire,pepsispire,2015-04-06T12:31:21.000Z,Mon Apr 06 12:31:21 +0000 2015,1,0,en,"<a href=""http://twitter.com"" rel=""nofollow"">Twitter Web Client</a>",Tweet,,0,1,,,
580872502273925120,RT @CentralFLTop5 : Sampling the new &amp; improved Orbit Café menu @ExploreSpaceKSC. They have @pepsispire! #AlwaysExploring… https://t.co/CaPsIsub94,Pepsi Spire,pepsispire,2015-03-25T23:22:51.000Z,Wed Mar 25 23:22:51 +0000 2015,0,0,en,"<a href=""http://twitter.com"" rel=""nofollow"">Twitter Web Client</a>",Retweet,https://instagram.com/p/0qNmMGLKFg/ ,1,2,,,
580068058368221185,RT @GeorgesGyroSpot : @pepsispire @PepsiCoDeals @pepsi Enjoying a strawberry Diet Mountain Dew #pepsi #mychoice http://t.co/KXL9p04kOP,Pepsi Spire,pepsispire,2015-03-23T18:06:16.000Z,Mon Mar 23 18:06:16 +0000 2015,0,0,en,"<a href=""http://twitter.com"" rel=""nofollow"">Twitter Web Client</a>",Retweet,,2,3,photo,https://pbs.twimg.com/media/CAzOaa8WYAEjyZB.jpg,
579998291997376512,RT @GeorgesGyroSpot : @pepsispire check out our spire 2.0 http://t.co/QXZPHiA983,Pepsi Spire,pepsispire,2015-03-23T13:29:03.000Z,Mon Mar 23 13:29:03 +0000 2015,0,0,en,"<a href=""http://twitter.com"" rel=""nofollow"">Twitter Web Client</a>",Retweet,,0,1,photo,https://pbs.twimg.com/media/CAmB72SUkAE7l5V.jpg,
578543120050176000,@rickmastfan67 @drpepper @Arbys Yes @drpepper will be offered on @pepsispire machines in select locations.,Pepsi Spire,pepsispire,2015-03-19T13:06:43.000Z,Thu Mar 19 13:06:43 +0000 2015,1,0,en,"<a href=""http://twitter.com"" rel=""nofollow"">Twitter Web Client</a>",Reply,,0,5,,,
578239697773813760,@thevoiceofptbo Love it!,Pepsi Spire,pepsispire,2015-03-18T17:01:01.000Z,Wed Mar 18 17:01:01 +0000 2015,0,0,en,"<a href=""http://twitter.com"" rel=""nofollow"">Twitter Web Client</a>",Reply,,0,0,,,
577815608391286784,RT @iDreamofFalafel : One of the first @pepsispire machines in Chicago. Come check it out! #Pepsi http://t.co/G6wExGdYZC,Pepsi Spire,pepsispire,2015-03-17T12:55:50.000Z,Tue Mar 17 12:55:50 +0000 2015,0,0,en,"<a href=""http://twitter.com"" rel=""nofollow"">Twitter Web Client</a>",Retweet,,1,1,photo,https://pbs.twimg.com/media/CAQG4XmUwAAp2sz.jpg,
568777846463848448,@MrUNC07 You bet!,Pepsi Spire,pepsispire,2015-02-20T14:23:00.000Z,Fri Feb 20 14:23:00 +0000 2015,0,0,en,"<a href=""http://twitter.com"" rel=""nofollow"">Twitter Web Client</a>",Reply,,0,1,,,
563390928682237952,@EricSumpter That's great! He can reach out to his local Pepsi sales representative for more information on installing Pepsi Spire.,Pepsi Spire,pepsispire,2015-02-05T17:37:19.000Z,Thu Feb 05 17:37:19 +0000 2015,0,0,en,"<a href=""http://twitter.com"" rel=""nofollow"">Twitter Web Client</a>",Reply,,0,1,,,
559712061929041920,@johngipson @KCMO @Royals Stay tuned! We are continuing to roll out to new locations with lots of different flavor options!,Pepsi Spire,pepsispire,2015-01-26T13:58:49.000Z,Mon Jan 26 13:58:49 +0000 2015,0,0,en,"<a href=""http://twitter.com"" rel=""nofollow"">Twitter Web Client</a>",Reply,,0,2,,,
558362883822997505,@Spidey55 @pepsi @MountainDew Coming soon!,Pepsi Spire,pepsispire,2015-01-22T20:37:40.000Z,Thu Jan 22 20:37:40 +0000 2015,0,0,en,"<a href=""http://twitter.com"" rel=""nofollow"">Twitter Web Client</a>",Reply,,0,3,,,
558342749406380032,RT @LloydBridgz : Sipping my Cherry Mtn Dew thanks to @SUBWAYCanada on Bristol road W Mississauga and @pepsispire http://t.co/RrS8UIxopj,Pepsi Spire,pepsispire,2015-01-22T19:17:39.000Z,Thu Jan 22 19:17:39 +0000 2015,0,0,en,"<a href=""http://twitter.com"" rel=""nofollow"">Twitter Web Client</a>",Retweet,,0,2,photo,https://pbs.twimg.com/media/B7-bnHmCYAAsXKF.jpg,
554642022469214208,RT @TheRock_BloNo : @pepsispire https://t.co/wlK35OBvwU,Pepsi Spire,pepsispire,2015-01-12T14:12:17.000Z,Mon Jan 12 14:12:17 +0000 2015,0,0,qme,"<a href=""http://twitter.com"" rel=""nofollow"">Twitter Web Client</a>",Retweet,https://www.facebook.com/TheRockRestaurant?ref=hl ,0,1,,,
552193343229542401,"RT @PepsiCo : A product of innovative #technology and #design, the @PepsiSpire puts the next great flavor at your fingertips: https://t.co/QxAQj5pyhK",Pepsi Spire,pepsispire,2015-01-05T20:02:06.000Z,Mon Jan 05 20:02:06 +0000 2015,0,0,en,"<a href=""http://twitter.com"" rel=""nofollow"">Twitter Web Client</a>",Retweet,https://cards.twitter.com/cards/cpj5n/aad5 ,2,1,,,
551007596132704258,@MAProvenzano Thanks for your interest! Your local PepsiCo sales representative can help provide you with details.,Pepsi Spire,pepsispire,2015-01-02T13:30:22.000Z,Fri Jan 02 13:30:22 +0000 2015,0,0,en,"<a href=""http://twitter.com"" rel=""nofollow"">Twitter Web Client</a>",Reply,,0,0,,,
547103726918709248,@thevoiceofptbo Great suggestions! Thanks!,Pepsi Spire,pepsispire,2014-12-22T18:57:47.000Z,Mon Dec 22 18:57:47 +0000 2014,0,0,en,"<a href=""http://twitter.com"" rel=""nofollow"">Twitter Web Client</a>",Reply,,0,0,,,
547025022926462978,RT @cactusgal82 : @pepsispire please stay in Canada. Love this tradition of making pop creations at @SUBWAYCanada with my godchild. http://t.co/ZBGXuY8Qcd,Pepsi Spire,pepsispire,2014-12-22T13:45:03.000Z,Mon Dec 22 13:45:03 +0000 2014,0,0,en,"<a href=""http://twitter.com"" rel=""nofollow"">Twitter Web Client</a>",Retweet,,0,2,photo,https://pbs.twimg.com/media/B5bL9GlCcAAqWSS.jpg,
545664868838547456,RT @FlipsideFun : FlipSide is proud to announce we now have PEPSI SPIRE™! Choose your Refreshment. Mix in your favorite flavors. Enjoy! http://t.co/uDwcGtPMFX,Pepsi Spire,pepsispire,2014-12-18T19:40:17.000Z,Thu Dec 18 19:40:17 +0000 2014,0,0,en,"<a href=""http://twitter.com"" rel=""nofollow"">Twitter Web Client</a>",Retweet,,0,0,photo,https://pbs.twimg.com/media/B5Ju8pMIYAEOPMQ.jpg,
542717302631059457,@benostrowsky Thanks for your feedback!,Pepsi Spire,pepsispire,2014-12-10T16:27:42.000Z,Wed Dec 10 16:27:42 +0000 2014,0,0,en,"<a href=""http://twitter.com"" rel=""nofollow"">Twitter Web Client</a>",Reply,,0,0,,,
542716712828039168,Come try #pepsispire in our new @tacojohns location in Wyoming!,Pepsi Spire,pepsispire,2014-12-10T16:25:22.000Z,Wed Dec 10 16:25:22 +0000 2014,0,1,en,"<a href=""http://twitter.com"" rel=""nofollow"">Twitter Web Client</a>",Tweet,,1,1,,,
539820038484918273,RT if you’ve poured a drink on #pepsispire!,Pepsi Spire,pepsispire,2014-12-02T16:35:01.000Z,Tue Dec 02 16:35:01 +0000 2014,0,0,en,"<a href=""http://twitter.com"" rel=""nofollow"">Twitter Web Client</a>",Tweet,,1,0,,,
536927356133593089,Sometimes the perfect fountain soda depends on the perfect type of ice. How do you like your ice? #pepsispire,Pepsi Spire,pepsispire,2014-11-24T17:00:31.000Z,Mon Nov 24 17:00:31 +0000 2014,1,0,en,"<a href=""http://twitter.com"" rel=""nofollow"">Twitter Web Client</a>",Tweet,,1,0,,,
534709174253678594,"Lemon, Cherry, Vanilla, Strawberry...what other flavor shots would you like to see on #pepsispire?",Pepsi Spire,pepsispire,2014-11-18T14:06:16.000Z,Tue Nov 18 14:06:16 +0000 2014,0,1,en,"<a href=""http://twitter.com"" rel=""nofollow"">Twitter Web Client</a>",Tweet,,1,0,,,
532941921921302528,RT if you are in the mood for a fountain soda! #pepsispire,Pepsi Spire,pepsispire,2014-11-13T17:03:50.000Z,Thu Nov 13 17:03:50 +0000 2014,1,2,en,"<a href=""http://twitter.com"" rel=""nofollow"">Twitter Web Client</a>",Tweet,,1,0,,,
530800289033777152,"Ice, bubbles, great flavors. What do you think makes a fountain #soda taste so good?",Pepsi Spire,pepsispire,2014-11-07T19:13:45.000Z,Fri Nov 07 19:13:45 +0000 2014,0,1,en,"<a href=""http://twitter.com"" rel=""nofollow"">Twitter Web Client</a>",Tweet,,1,0,,,
529629692463427585,#pepsispire is now in #Indiana! Check out our new locations on http://t.co/kEhL8iwFKP.,Pepsi Spire,pepsispire,2014-11-04T13:42:13.000Z,Tue Nov 04 13:42:13 +0000 2014,0,0,en,"<a href=""http://twitter.com"" rel=""nofollow"">Twitter Web Client</a>",Tweet,http://pepsispire.com ,2,0,,,
528274493949886465,Will you trick or treat yourself to a #pepsi Cherriberrinilla? Happy #halloween! #trickortreat,Pepsi Spire,pepsispire,2014-10-31T19:57:08.000Z,Fri Oct 31 19:57:08 +0000 2014,0,0,en,"<a href=""http://twitter.com"" rel=""nofollow"">Twitter Web Client</a>",Tweet,,3,0,,,
527184110784352257,A little Tuesday trivia…how many flavor combos can you create on Pepsi Spire? #inspire #pepsispire,Pepsi Spire,pepsispire,2014-10-28T19:44:21.000Z,Tue Oct 28 19:44:21 +0000 2014,0,0,en,"<a href=""http://twitter.com"" rel=""nofollow"">Twitter Web Client</a>",Tweet,,2,0,,,
525311350210588672,Who is this guy? See if you can catch him in action on Pepsi Spire! #pepsispire #inspire http://t.co/oRs5ZdcHTE,Pepsi Spire,pepsispire,2014-10-23T15:42:40.000Z,Thu Oct 23 15:42:40 +0000 2014,0,0,en,"<a href=""http://twitter.com"" rel=""nofollow"">Twitter Web Client</a>",Tweet,,2,0,photo,https://pbs.twimg.com/media/B0pH45fCcAA0z8E.png,
524276475168821248,How many flavors can you fit in one 12 oz. cup? #inspire #pepsispire,Pepsi Spire,pepsispire,2014-10-20T19:10:26.000Z,Mon Oct 20 19:10:26 +0000 2014,0,0,en,"<a href=""http://twitter.com"" rel=""nofollow"">Twitter Web Client</a>",Tweet,,2,0,,,
522433831803293698,Sometimes mix-ups can be a good thing! Ever tried ½ #pepsi Strawbillacherry and ½ #mtn_dew Vanillamon? #inspire #pepsispire,Pepsi Spire,pepsispire,2014-10-15T17:08:26.000Z,Wed Oct 15 17:08:26 +0000 2014,0,0,en,"<a href=""http://twitter.com"" rel=""nofollow"">Twitter Web Client</a>",Tweet,,4,0,,,
520208346864185344,"Digital but not difficult. Make your drink, your way in 3 easy steps on #pepsispire: select beverage, add flavor, and pour!",Pepsi Spire,pepsispire,2014-10-09T13:45:09.000Z,Thu Oct 09 13:45:09 +0000 2014,0,0,en,"<a href=""http://twitter.com"" rel=""nofollow"">Twitter Web Client</a>",Tweet,,1,0,,,
519189250806669313,About time for a fountain soda I think! #pepsispire #inspire,Pepsi Spire,pepsispire,2014-10-06T18:15:38.000Z,Mon Oct 06 18:15:38 +0000 2014,0,0,en,"<a href=""http://twitter.com"" rel=""nofollow"">Twitter Web Client</a>",Tweet,,2,0,,,
517306216893018113,Get into the fall spirit with #pepsi and a flavor shot of vanilla! What are your favorite autumn flavors? #pepsispire #firstdayofoctober,Pepsi Spire,pepsispire,2014-10-01T13:33:07.000Z,Wed Oct 01 13:33:07 +0000 2014,0,0,en,"<a href=""http://twitter.com"" rel=""nofollow"">Twitter Web Client</a>",Tweet,,3,0,,,
516694720706510848,@computers15 Soon! Stay tuned as we roll out to more locations across the US!,Pepsi Spire,pepsispire,2014-09-29T21:03:15.000Z,Mon Sep 29 21:03:15 +0000 2014,0,0,en,"<a href=""http://twitter.com"" rel=""nofollow"">Twitter Web Client</a>",Reply,,0,1,,,
515540851922337792,Need a boost? Here’s an afternoon mix-me-up: @SierraMist Vanillaberry! #inspire #pepsispire #TGIF,Pepsi Spire,pepsispire,2014-09-26T16:38:12.000Z,Fri Sep 26 16:38:12 +0000 2014,1,0,en,"<a href=""http://twitter.com"" rel=""nofollow"">Twitter Web Client</a>",Tweet,,3,1,,,
514512309814038528,RT @saxwithmatt : This Subway has a Pepsi Spire! First I've seen in Canada. http://t.co/ASzOMd2wLZ,Pepsi Spire,pepsispire,2014-09-23T20:31:08.000Z,Tue Sep 23 20:31:08 +0000 2014,0,0,en,"<a href=""http://twitter.com"" rel=""nofollow"">Twitter Web Client</a>",Retweet,,0,0,photo,https://pbs.twimg.com/media/ByJpxKLIAAAvNEY.jpg,
514512231196008449,RT @Power92Chicago : Unscramble the Pepsi Spire flavors here: http://t.co/YuZayvTo5k for your chance to win tickets to see Usher live... http://t.co/ClNiMwCe4k,Pepsi Spire,pepsispire,2014-09-23T20:30:49.000Z,Tue Sep 23 20:30:49 +0000 2014,0,0,en,"<a href=""http://twitter.com"" rel=""nofollow"">Twitter Web Client</a>",Retweet,http://bit.ly/1vcM43I http://fb.me/1DtynWK0u ,0,0,,,
514425289137721345,Is it really Fall already?! What is in’SPIRE-ing you on the first day of autumn? #PepsiSpire #firstdayoffall #FirstDayOfAutumn,Pepsi Spire,pepsispire,2014-09-23T14:45:21.000Z,Tue Sep 23 14:45:21 +0000 2014,0,0,en,"<a href=""http://twitter.com"" rel=""nofollow"">Twitter Web Client</a>",Tweet,,3,0,,,
512610898670653440,Remember when soda fountains used to look like this? #throwbackthursday #tbt #inspire #pepsispire http://t.co/sxZdzNRcBc,Pepsi Spire,pepsispire,2014-09-18T14:35:36.000Z,Thu Sep 18 14:35:36 +0000 2014,0,1,en,"<a href=""http://twitter.com"" rel=""nofollow"">Twitter Web Client</a>",Tweet,,4,0,photo,https://pbs.twimg.com/media/Bx0o5UXCMAAPIuM.png,
511533456736940032,One cup. So many flavors to enjoy. In’Spire us: what’s the craziest soda fountain mashup you’ve ever created? #inspire #pepsispire,Pepsi Spire,pepsispire,2014-09-15T15:14:14.000Z,Mon Sep 15 15:14:14 +0000 2014,0,0,en,"<a href=""http://twitter.com"" rel=""nofollow"">Twitter Web Client</a>",Tweet,,2,0,,,
510405233168904192,@joefox97 Definitely a possibility! Stay tuned as we roll-out to more locations!,Pepsi Spire,pepsispire,2014-09-12T12:31:05.000Z,Fri Sep 12 12:31:05 +0000 2014,0,0,en,"<a href=""http://twitter.com"" rel=""nofollow"">Twitter Web Client</a>",Tweet,,0,0,,,
510091685486149632,"In the mood for something sweet, citrusy, and refreshing? Create a #sierramist with flavor shots of lemon and cherry. #pepsispire #inspire",Pepsi Spire,pepsispire,2014-09-11T15:45:09.000Z,Thu Sep 11 15:45:09 +0000 2014,2,0,en,"<a href=""http://twitter.com"" rel=""nofollow"">Twitter Web Client</a>",Tweet,,3,0,,,
509026595143950336,"#Mashupmonday challenge: how many words can you create out of Lemon, Cherry, Strawberry, and Vanilla? #inspire #pepsispire",Pepsi Spire,pepsispire,2014-09-08T17:12:52.000Z,Mon Sep 08 17:12:52 +0000 2014,0,0,en,"<a href=""http://twitter.com"" rel=""nofollow"">Twitter Web Client</a>",Tweet,,3,0,,,
507547996184391680,What do you think about #PepsiSpire? Tweet @pepsispire and in'Spire us!,Pepsi Spire,pepsispire,2014-09-04T15:17:26.000Z,Thu Sep 04 15:17:26 +0000 2014,1,0,en,"<a href=""http://twitter.com"" rel=""nofollow"">Twitter Web Client</a>",Tweet,,1,1,,,
505037278486745089,@ismebsb Great combination! Grape flavor shots will be coming to Pepsi Spire in select locations very soon - stay tuned!,Pepsi Spire,pepsispire,2014-08-28T17:00:45.000Z,Thu Aug 28 17:00:45 +0000 2014,0,0,en,"<a href=""http://twitter.com"" rel=""nofollow"">Twitter Web Client</a>",Reply,,0,1,,,
504995150784118785,Enjoy endless flavor combinations with #pepsispire now at @800degreespizza @SLSlasvegas! What will you create?,Pepsi Spire,pepsispire,2014-08-28T14:13:20.000Z,Thu Aug 28 14:13:20 +0000 2014,0,1,en,"<a href=""http://twitter.com"" rel=""nofollow"">Twitter Web Client</a>",Tweet,,1,1,,,
504359902723473409,"RT @PepsiCo : Life just became a little more entertaining. @sbeCollection locations, including @SLSLasVegas, exclusively w/ @Pepsi bevs – feat @PepsiSpire",Pepsi Spire,pepsispire,2014-08-26T20:09:06.000Z,Tue Aug 26 20:09:06 +0000 2014,0,0,en,"<a href=""http://twitter.com"" rel=""nofollow"">Twitter Web Client</a>",Retweet,,0,2,,,
503987630191968257,"How would you finish this sentence? ""My #Pepsi Cherrinilla goes great with a _______."" #inspire #pepsispire",Pepsi Spire,pepsispire,2014-08-25T19:29:49.000Z,Mon Aug 25 19:29:49 +0000 2014,0,0,en,"<a href=""http://twitter.com"" rel=""nofollow"">Twitter Web Client</a>",Tweet,,3,0,,,
502130856480493568,What favorite flavors do you want to see on #pepsispire? Tweet us your ideas @pepsispire. #inspire,Pepsi Spire,pepsispire,2014-08-20T16:31:39.000Z,Wed Aug 20 16:31:39 +0000 2014,0,0,en,"<a href=""http://twitter.com"" rel=""nofollow"">Twitter Web Client</a>",Tweet,,2,1,,,
502130581459959808,@thevoiceofptbo That's a great flavor combo! Enjoy!,Pepsi Spire,pepsispire,2014-08-20T16:30:34.000Z,Wed Aug 20 16:30:34 +0000 2014,1,0,en,"<a href=""http://twitter.com"" rel=""nofollow"">Twitter Web Client</a>",Reply,,0,0,,,
501440778711744512,RT @PepsiCanada : Be a Pepsi Artist! Create your own flavour with #pepsispire only at select @SUBWAYCanada locations! http://t.co/7BZN1OeuGS,Pepsi Spire,pepsispire,2014-08-18T18:49:32.000Z,Mon Aug 18 18:49:32 +0000 2014,0,0,en,"<a href=""http://twitter.com"" rel=""nofollow"">Twitter Web Client</a>",Retweet,,1,1,photo,https://pbs.twimg.com/media/BvFywh0CcAAFkdO.jpg,
501388127957975040,@GoldenKatana1 Great question! Flavor shots don't have added sweeteners. Check out http://t.co/koxT8E6m81 for a full list of ingredients.,Pepsi Spire,pepsispire,2014-08-18T15:20:19.000Z,Mon Aug 18 15:20:19 +0000 2014,0,0,en,"<a href=""http://twitter.com"" rel=""nofollow"">Twitter Web Client</a>",Tweet,http://pepsicobeveragefacts.com ,0,1,,,
499628247462989824,"Here’s a zesty #humpday beverage: #sierramist with flavor shots of lemon and lime. Refreshing, fruity, and fun! #inspire #pepsispire",Pepsi Spire,pepsispire,2014-08-13T18:47:11.000Z,Wed Aug 13 18:47:11 +0000 2014,0,0,en,"<a href=""http://twitter.com"" rel=""nofollow"">Twitter Web Client</a>",Tweet,,4,0,,,
498938298627547136,"RT @LloydBridgz : @pepsispire hit a few @SUBWAYCanada locations in the #GTA - Try them out, future of fountain machines! http://t.co/kmL9diCTX7",Pepsi Spire,pepsispire,2014-08-11T21:05:34.000Z,Mon Aug 11 21:05:34 +0000 2014,0,0,en,"<a href=""http://twitter.com"" rel=""nofollow"">Twitter Web Client</a>",Retweet,,1,2,photo,https://pbs.twimg.com/media/Buxmw0qIIAAx140.jpg,https://pbs.twimg.com/media/BuxmyoFIUAA9rju.jpg
497757758226440192,Love #Mtn_Dew and something new? Us too! Try a flavor shot or two. What will you do? #inspire #pepsispire,Pepsi Spire,pepsispire,2014-08-08T14:54:32.000Z,Fri Aug 08 14:54:32 +0000 2014,0,0,en,"<a href=""http://twitter.com"" rel=""nofollow"">Twitter Web Client</a>",Tweet,,3,0,,,
496740199637213186,What's your #inspiration ? Tweet @pepsispire with what inspires you and keep us all in’Spire'd! #inspire #pepsispire,Pepsi Spire,pepsispire,2014-08-05T19:31:07.000Z,Tue Aug 05 19:31:07 +0000 2014,0,1,en,"<a href=""http://twitter.com"" rel=""nofollow"">Twitter Web Client</a>",Tweet,,3,1,,,
495213600878120960,In #chicago this weekend? Try a #pepsispire beverage on your way to #lollapaloozaweekend at one of our #chicago area locations!,Pepsi Spire,pepsispire,2014-08-01T14:24:57.000Z,Fri Aug 01 14:24:57 +0000 2014,0,1,en,"<a href=""http://twitter.com"" rel=""nofollow"">Twitter Web Client</a>",Tweet,,4,0,,,
492721369642065920,RT if you’d like to see #pepsispire in a location near you! #inspire,Pepsi Spire,pepsispire,2014-07-25T17:21:43.000Z,Fri Jul 25 17:21:43 +0000 2014,0,1,en,"<a href=""http://twitter.com"" rel=""nofollow"">Twitter Web Client</a>",Tweet,,2,0,,,
491938134289285120,@enova2 @DietCoke So glad you enjoyed our crazy mashups!,Pepsi Spire,pepsispire,2014-07-23T13:29:25.000Z,Wed Jul 23 13:29:25 +0000 2014,0,0,en,"<a href=""http://twitter.com"" rel=""nofollow"">Twitter Web Client</a>",Reply,,0,2,,,
491937556310011904,@Soda_hunter We would love to bring Pepsi Spire to you. Stay tuned for the latest on new locations!,Pepsi Spire,pepsispire,2014-07-23T13:27:07.000Z,Wed Jul 23 13:27:07 +0000 2014,1,0,en,"<a href=""http://twitter.com"" rel=""nofollow"">Twitter Web Client</a>",Reply,,0,1,,,
491676590670364672,RT if you can say Strawcherillaberry 5 times fast! #inspire #pepsispire,Pepsi Spire,pepsispire,2014-07-22T20:10:08.000Z,Tue Jul 22 20:10:08 +0000 2014,0,1,en,"<a href=""http://twitter.com"" rel=""nofollow"">Twitter Web Client</a>",Tweet,,2,0,,,
489790371862704128,RT @bufordsharkley : .@pepsispire pepsi with flavorings in it inspires me #inspiration #inspire,Pepsi Spire,pepsispire,2014-07-17T15:14:59.000Z,Thu Jul 17 15:14:59 +0000 2014,0,0,en,"<a href=""http://twitter.com"" rel=""nofollow"">Twitter Web Client</a>",Retweet,,2,1,,,
489505039791435776,In’Spired by Pepsi Spire? What inspires you? #inspiration #inspire #pepsispire,Pepsi Spire,pepsispire,2014-07-16T20:21:10.000Z,Wed Jul 16 20:21:10 +0000 2014,0,0,en,"<a href=""http://twitter.com"" rel=""nofollow"">Twitter Web Client</a>",Tweet,,3,0,,,
488340578396958720,Tune into the big game today with a glass of #Pepsi with flavor shots of cherry and lemon or vanilla. Go teams go! #football #soccer,Pepsi Spire,pepsispire,2014-07-13T15:14:01.000Z,Sun Jul 13 15:14:01 +0000 2014,0,0,en,"<a href=""http://twitter.com"" rel=""nofollow"">Twitter Web Client</a>",Tweet,,3,0,,,
487233692767485952,Have you mixed a drink on #pepsispire? RT if you have!,Pepsi Spire,pepsispire,2014-07-10T13:55:39.000Z,Thu Jul 10 13:55:39 +0000 2014,0,0,en,"<a href=""http://twitter.com"" rel=""nofollow"">Twitter Web Client</a>",Tweet,,1,0,,,
486233615567962112,Monday blues? Freshen up with a taste of #Pepsi + lemon flavor shot on #pepsispire. #monday #mashupmonday #inspire,Pepsi Spire,pepsispire,2014-07-07T19:41:42.000Z,Mon Jul 07 19:41:42 +0000 2014,0,0,en,"<a href=""http://twitter.com"" rel=""nofollow"">Twitter Web Client</a>",Tweet,,5,0,,,
486170454127030272,@andrewtweber Thanks! So glad you like it! Right now we are only broadcasting in the Chicago and Milwaukee metro areas. Keep listening!,Pepsi Spire,pepsispire,2014-07-07T15:30:43.000Z,Mon Jul 07 15:30:43 +0000 2014,0,0,en,"<a href=""http://twitter.com"" rel=""nofollow"">Twitter Web Client</a>",Tweet,,0,0,,,
485098829365010432,"Feeling patriotic? Today we're all about red, white, and blue sipping #Pepsi with flavor shots of cherry and vanilla. #July4th #USA",Pepsi Spire,pepsispire,2014-07-04T16:32:28.000Z,Fri Jul 04 16:32:28 +0000 2014,1,0,en,"<a href=""http://twitter.com/download/android"" rel=""nofollow"">Twitter for Android</a>",Tweet,,3,0,,,
484712484511969281,RT @eatgarbanzo : Strawberry iced tea? Lemon PEPSI®? We’re testing a new fountain from the makers of PEPSI®. Come check it out! http://t.co/rcdQpM5bsp,Pepsi Spire,pepsispire,2014-07-03T14:57:16.000Z,Thu Jul 03 14:57:16 +0000 2014,0,0,en,"<a href=""http://twitter.com"" rel=""nofollow"">Twitter Web Client</a>",Retweet,http://ht.ly/lSZCE ,0,0,,,
484318625172430848,@GoldenKatana1 Orange is a great flavor! Thanks for your request. We will work to offer all your favorite brands on Pepsi Spire!,Pepsi Spire,pepsispire,2014-07-02T12:52:13.000Z,Wed Jul 02 12:52:13 +0000 2014,0,0,en,"<a href=""http://twitter.com"" rel=""nofollow"">Twitter Web Client</a>",Tweet,,0,1,,,
484063171461013504,"RT @0nett : Just witnessed &amp; experienced firsthand the revolutionary @pepsispire at @BWWings in Lombard, IL. Looking forward to my next encounter!",Pepsi Spire,pepsispire,2014-07-01T19:57:08.000Z,Tue Jul 01 19:57:08 +0000 2014,0,0,en,"<a href=""http://twitter.com"" rel=""nofollow"">Twitter Web Client</a>",Retweet,,0,2,,,
483968665130647552,It’s July! Beat the #summer heat with a cool #Tropicana lemonade flavored with strawberry. What’s your favorite flavor mix? #inspire #flavor,Pepsi Spire,pepsispire,2014-07-01T13:41:36.000Z,Tue Jul 01 13:41:36 +0000 2014,0,0,en,"<a href=""http://twitter.com"" rel=""nofollow"">Twitter Web Client</a>",Tweet,,4,0,,,
483967878501498880,@GoldenKatana1 We hope to bring Pepsi Spire to Ohio very soon! Stay tuned for the latest new location updates!,Pepsi Spire,pepsispire,2014-07-01T13:38:28.000Z,Tue Jul 01 13:38:28 +0000 2014,0,0,en,"<a href=""http://twitter.com"" rel=""nofollow"">Twitter Web Client</a>",Tweet,,0,1,,,
482547447483207680,Don’t you love a pink #SierraMist? Hint: add a flavor shot of strawberry. http://t.co/HRkYu4uEAO,Pepsi Spire,pepsispire,2014-06-27T15:34:11.000Z,Fri Jun 27 15:34:11 +0000 2014,0,0,en,"<a href=""http://twitter.com"" rel=""nofollow"">Twitter Web Client</a>",Tweet,,1,0,photo,https://pbs.twimg.com/media/BrJaWCXCEAAn5A_.jpg,
481759085034217472,@justinnorwood @mtn_dew Great combination!,Pepsi Spire,pepsispire,2014-06-25T11:21:31.000Z,Wed Jun 25 11:21:31 +0000 2014,0,0,en,"<a href=""http://twitter.com"" rel=""nofollow"">Twitter Web Client</a>",Reply,,0,2,,,
481758859527475201,RT @justinnorwood : I tried a vanilla flavored @mtn_dew from a @pepsispire machine yesterday.  mmm mmm good!,Pepsi Spire,pepsispire,2014-06-25T11:20:37.000Z,Wed Jun 25 11:20:37 +0000 2014,0,0,en,"<a href=""http://twitter.com"" rel=""nofollow"">Twitter Web Client</a>",Retweet,,0,2,,,
480885921244397569,RT @0nett : @pepsispire I need to get to my local Buffalo Wild Wings and experience this modern marvel! Aka the #Pepsi Spire,Pepsi Spire,pepsispire,2014-06-23T01:31:52.000Z,Mon Jun 23 01:31:52 +0000 2014,0,0,en,"<a href=""http://twitter.com"" rel=""nofollow"">Twitter Web Client</a>",Retweet,,1,1,,,
480377682517954560,Celebrating #summer at @maggiemcflys with a shot of strawberry in a fresh-poured #Pepsi. How will you chill this summer?,Pepsi Spire,pepsispire,2014-06-21T15:52:19.000Z,Sat Jun 21 15:52:19 +0000 2014,1,0,en,"<a href=""http://twitter.com"" rel=""nofollow"">Twitter Web Client</a>",Tweet,,2,1,,,
480350585170821121,RT @maggiemcflys : Maggie McFly's is Proud To Feature Our First Pepsi Spire Machine! Have you tried a Mountain Dew Strawbanilla?... http://t.co/397coE0e1t,Pepsi Spire,pepsispire,2014-06-21T14:04:38.000Z,Sat Jun 21 14:04:38 +0000 2014,0,0,en,"<a href=""http://twitter.com"" rel=""nofollow"">Twitter Web Client</a>",Retweet,http://fb.me/6Aa90qt9u ,0,0,,,
479682167724056578,"RT @aaronlabs_xyz : not gonna lie, the pepsi spire commercial's straw-ba-nilla-lemon flavor sounds delicious",Pepsi Spire,pepsispire,2014-06-19T17:48:35.000Z,Thu Jun 19 17:48:35 +0000 2014,0,0,en,"<a href=""http://twitter.com"" rel=""nofollow"">Twitter Web Client</a>",Retweet,,0,0,,,
479358262383738881,Enjoying @TacoBell #DoritosLocosTac and #Mtn_Dew Lemonberry in CA. What’s better than that?,Pepsi Spire,pepsispire,2014-06-18T20:21:30.000Z,Wed Jun 18 20:21:30 +0000 2014,1,1,en,"<a href=""http://twitter.com"" rel=""nofollow"">Twitter Web Client</a>",Tweet,,2,1,,,
476402031654350849,We’ve been creating a ton of crazy flavor mashups @KFC in #Orlando. Like #Pepsi Lemonillacherry. What would you make?,Pepsi Spire,pepsispire,2014-06-10T16:34:30.000Z,Tue Jun 10 16:34:30 +0000 2014,3,7,en,"<a href=""http://twitter.com"" rel=""nofollow"">Twitter Web Client</a>",Tweet,,2,1,,,
474959910048772096,Nothing beats some @Famous_Daves ribs and a tall #Pepsi Cherrynilla. What combo would you choose?,Pepsi Spire,pepsispire,2014-06-06T17:04:01.000Z,Fri Jun 06 17:04:01 +0000 2014,1,0,en,"<a href=""http://twitter.com"" rel=""nofollow"">Twitter Web Client</a>",Tweet,,1,1,,,
474634614557134848,RT @freshideasfood : Pepsi Spire = the newest tech in drink vending. Check it out &amp; see @Thrillist make their drink dreams come true: http://t.co/jBr8AHxz6g,Pepsi Spire,pepsispire,2014-06-05T19:31:25.000Z,Thu Jun 05 19:31:25 +0000 2014,0,0,en,"<a href=""http://twitter.com"" rel=""nofollow"">Twitter Web Client</a>",Retweet,http://bit.ly/1qYaZtD ,0,1,,,
472385482173591553,RT @PepsiCo : The @PepsiSpire is an example of how our diverse product portfolio and R&amp;D capabilities benefit foodservice customers http://t.co/yp2wMkClHe,Pepsi Spire,pepsispire,2014-05-30T14:34:10.000Z,Fri May 30 14:34:10 +0000 2014,0,0,en,"<a href=""http://twitter.com"" rel=""nofollow"">Twitter Web Client</a>",Retweet,http://pepsi.co/xr80H ,0,1,,,
472355979888054272,RT @BW : Pepsi's new soda machine lets you become the taste tester: http://t.co/ECUhQFzIS5 http://t.co/dSZC23euIU,Pepsi Spire,pepsispire,2014-05-30T12:36:56.000Z,Fri May 30 12:36:56 +0000 2014,0,0,en,"<a href=""http://twitter.com"" rel=""nofollow"">Twitter Web Client</a>",Retweet,http://buswk.co/1k8dK6U ,0,0,photo,https://pbs.twimg.com/media/Bo14CzoIcAA93Gz.jpg,
471667835328929792,Have you tried Pepsi Spire? A new fountain experience where Y-O-U get to be the mix master. Hint: flavor shots. Lots of ‘em.,Pepsi Spire,pepsispire,2014-05-28T15:02:29.000Z,Wed May 28 15:02:29 +0000 2014,0,0,en,"<a href=""http://twitter.com"" rel=""nofollow"">Twitter Web Client</a>",Tweet,,0,0,,,
469892533360033792,@BrenOBRIEN @newpaltz Noted! Hope to bring the Pepsi Spire experience to you very soon.,Pepsi Spire,pepsispire,2014-05-23T17:28:04.000Z,Fri May 23 17:28:04 +0000 2014,2,0,en,"<a href=""http://twitter.com"" rel=""nofollow"">Twitter Web Client</a>",Reply,,0,2,,,
469889817707151361,@BrenOBRIEN We will keep you posted! Check http://t.co/FEOB2QKCWx for our current locations - with many more to come!,Pepsi Spire,pepsispire,2014-05-23T17:17:17.000Z,Fri May 23 17:17:17 +0000 2014,1,0,en,"<a href=""http://twitter.com"" rel=""nofollow"">Twitter Web Client</a>",Reply,http://pepsispire.com ,0,1,,,
469887101870546944,Here’s how Pepsi Spire works: Select your beverage. Add up to 3 flavors. Sip on a tasty drink that’s uniquely yours. Ready to mix your own?,Pepsi Spire,pepsispire,2014-05-23T17:06:29.000Z,Fri May 23 17:06:29 +0000 2014,0,0,en,"<a href=""http://twitter.com"" rel=""nofollow"">Twitter Web Client</a>",Tweet,,0,0,,,
469508232105312256,@LeeBreslouer @GarbanzoGrill We love your creative combinations!,Pepsi Spire,pepsispire,2014-05-22T16:01:00.000Z,Thu May 22 16:01:00 +0000 2014,1,0,en,"<a href=""http://twitter.com"" rel=""nofollow"">Twitter Web Client</a>",Reply,,0,1,,,
469440101882540033,RT @NatlRestShow : #NRAShow 2014 was home to the launch of @Pepsi #Spire. Did you see our Instagram video? http://t.co/15MxFwStl3,Pepsi Spire,pepsispire,2014-05-22T11:30:16.000Z,Thu May 22 11:30:16 +0000 2014,0,0,en,"<a href=""http://twitter.com/download/android"" rel=""nofollow"">Twitter for Android</a>",Retweet,http://instagram.com/p/oOxN4WNyUD/ ,2,1,,,
469140060256747521,We made 5 bizarre sodas using Pepsi's futuristic soda machine @Thrillist http://t.co/NxhC7g5tgQ,Pepsi Spire,pepsispire,2014-05-21T15:38:01.000Z,Wed May 21 15:38:01 +0000 2014,0,1,en,"<a href=""https://dev.twitter.com/docs/tfw"" rel=""nofollow"">Twitter for Websites</a>",Tweet,http://thrl.st/R6Jfma ,0,1,,,
468807049308950529,RT @Burritobox : @pepsispire WHOAAA! Strawberry @mtn_dew ?? I think we're in love!,Pepsi Spire,pepsispire,2014-05-20T17:34:45.000Z,Tue May 20 17:34:45 +0000 2014,0,0,en,"<a href=""http://twitter.com/download/android"" rel=""nofollow"">Twitter for Android</a>",Retweet,,0,2,,,
468804834242473984,RT @SBurgerCo : Quick photo op at the @pepsispire booth before this thing ends #NRAShow2014 http://t.co/ewz2mWUU63,Pepsi Spire,pepsispire,2014-05-20T17:25:57.000Z,Tue May 20 17:25:57 +0000 2014,0,0,en,"<a href=""http://twitter.com/download/android"" rel=""nofollow"">Twitter for Android</a>",Retweet,,1,1,photo,https://pbs.twimg.com/media/BoF9HUcCUAAqePQ.jpg,
468756956958576642,Last day at the #NRAShow! Come create your own signature drink on Pepsi Spire.,Pepsi Spire,pepsispire,2014-05-20T14:15:42.000Z,Tue May 20 14:15:42 +0000 2014,1,0,en,"<a href=""http://twitter.com/download/android"" rel=""nofollow"">Twitter for Android</a>",Tweet,,1,0,,,
468465049963470849,Great energy around Pepsi Spire here at our booth! We're so excited to be sharing this new fountain experience at the #NRAShow.,Pepsi Spire,pepsispire,2014-05-19T18:55:46.000Z,Mon May 19 18:55:46 +0000 2014,0,0,en,"<a href=""http://twitter.com/download/android"" rel=""nofollow"">Twitter for Android</a>",Tweet,,1,0,,,
468379444571549696,RT @olivier_frey : #Pepsi réinvente la fontaine à soda avec @PepsiSpire qui permet de personnaliser sa boisson http://t.co/vN1oHQGJcX http://t.co/L4dWYVFiHc,Pepsi Spire,pepsispire,2014-05-19T13:15:36.000Z,Mon May 19 13:15:36 +0000 2014,0,0,fr,"<a href=""http://twitter.com/download/android"" rel=""nofollow"">Twitter for Android</a>",Retweet,http://thefoodpeople.co.uk/news/2014/05/pepsi-spire-the-future-of-fountain-beverages ,1,1,photo,https://pbs.twimg.com/media/Bn_5YLTIMAE0Y-K.jpg,
468141536354779137,RT @SaraEisen : Not an iPad... Pepsi's new spire fountain machine http://t.co/R4N9p0LXll,Pepsi Spire,pepsispire,2014-05-18T21:30:14.000Z,Sun May 18 21:30:14 +0000 2014,0,0,en,"<a href=""http://twitter.com/download/android"" rel=""nofollow"">Twitter for Android</a>",Retweet,,0,0,photo,https://pbs.twimg.com/media/Bn8MTPzCMAIWn2p.jpg,
468102635304673280,#IndraNooyi introducing @PepsiSpire at the #NRAshow http://t.co/Cycfn9K6L8,Pepsi Spire,pepsispire,2014-05-18T18:55:39.000Z,Sun May 18 18:55:39 +0000 2014,4,3,en,"<a href=""http://www.photopartyupload.com"" rel=""nofollow"">Photo Party Upload</a>",Tweet,,2,1,photo,https://pbs.twimg.com/media/Bn8I3dbCIAAm3zd.jpg,
468075391987359744,RT @TheDCLBlog : Looks like the @kfc locations in central Florida have the new @pepsispire machines http://t.co/s6zF2bwB8h,Pepsi Spire,pepsispire,2014-05-18T17:07:24.000Z,Sun May 18 17:07:24 +0000 2014,0,0,en,"<a href=""http://twitter.com/download/android"" rel=""nofollow"">Twitter for Android</a>",Retweet,http://pepsispire.com/#find ,0,2,,,
467696745657274368,RT @lapetino : Experiencing the Future of Fountain @PepsiSpire w/ @bevreview at #NRAShow http://t.co/DU74RwIdpc,Pepsi Spire,pepsispire,2014-05-17T16:02:48.000Z,Sat May 17 16:02:48 +0000 2014,0,0,en,"<a href=""http://twitter.com/download/android"" rel=""nofollow"">Twitter for Android</a>",Retweet,,1,2,photo,https://pbs.twimg.com/media/Bn2WrxaCcAASfc2.jpg,
467694403151069184,RT @JayanthiRajaSeg : Experiencing the Future of Fountain @PepsiSpire at #NRAShow http://t.co/bEkaCkp0gN,Pepsi Spire,pepsispire,2014-05-17T15:53:29.000Z,Sat May 17 15:53:29 +0000 2014,0,0,en,"<a href=""http://twitter.com/download/android"" rel=""nofollow"">Twitter for Android</a>",Retweet,,1,1,photo,https://pbs.twimg.com/media/Bn19hLQIEAANsjm.jpg,
467636051956465664,Pepsi Spire is in Chicago this weekend! Stop by our booth at #NRAShow and try it out.,Pepsi Spire,pepsispire,2014-05-17T12:01:37.000Z,Sat May 17 12:01:37 +0000 2014,0,0,en,"<a href=""http://twitter.com"" rel=""nofollow"">Twitter Web Client</a>",Tweet,,1,0,,,
467336068174331907,"RT @PepsiCo : Meet @PepsiSpire, our new line of drink dispensers that allows over 1000 beverage customizations. What will you make? http://t.co/PUvkWaOmSC",Pepsi Spire,pepsispire,2014-05-16T16:09:36.000Z,Fri May 16 16:09:36 +0000 2014,0,0,en,"<a href=""http://twitter.com/download/android"" rel=""nofollow"">Twitter for Android</a>",Retweet,http://pepsi.co/wVlz1 ,0,1,,,
467114166549880832,"Introducing Pepsi Spire, a fountain experience that lets you add shots of flavor to your favorite beverage. Thirsty for more? Stay tuned!",Pepsi Spire,pepsispire,2014-05-16T01:27:50.000Z,Fri May 16 01:27:50 +0000 2014,1,4,en,"<a href=""http://twitter.com"" rel=""nofollow"">Twitter Web Client</a>",Tweet,,0,0,,,